{
	"credit": "Made with Blockbench",
	"parent": "block/custom/vehicle",
	"textures": {
		"main": "block/red_terracotta",
		"wheel": "block/black_wool",
		"flight": "block/yellow_concrete_powder",
		"blight": "block/redstone_block"
	},
	"elements": [
		{
			"from": [-4, 0, -15],
			"to": [20, 16, 31],
			"rotation": {"angle": 0, "axis": "y", "origin": [8, 8, 8]},
			"faces": {
				"north": {"uv": [0, 0, 16, 16], "texture": "#main"},
				"east": {"uv": [0, 0, 16, 16], "texture": "#main"},
				"south": {"uv": [0, 0, 16, 16], "texture": "#main"},
				"west": {"uv": [0, 0, 16, 16], "texture": "#main"},
				"up": {"uv": [0, 0, 16, 16], "texture": "#main"},
				"down": {"uv": [0, 0, 16, 16], "texture": "#main"}
			}
		},
		{
			"from": [-2, -8, -16],
			"to": [18, 0, -14],
			"rotation": {"angle": 0, "axis": "y", "origin": [8, 8, 8]},
			"faces": {
				"north": {"uv": [0, 0, 16, 16], "texture": "#main"},
				"east": {"uv": [0, 0, 16, 16], "texture": "#main"},
				"south": {"uv": [0, 0, 16, 16], "texture": "#main"},
				"west": {"uv": [0, 0, 16, 16], "texture": "#main"},
				"up": {"uv": [0, 0, 16, 16], "texture": "#main"},
				"down": {"uv": [0, 0, 16, 16], "texture": "#main"}
			}
		},
		{
			"from": [-2, -7, 5],
			"to": [18, 0, 29],
			"rotation": {"angle": 0, "axis": "y", "origin": [8, 8, 8]},
			"faces": {
				"north": {"uv": [0, 0, 16, 16], "texture": "#main"},
				"east": {"uv": [0, 0, 16, 16], "texture": "#main"},
				"south": {"uv": [0, 0, 16, 16], "texture": "#main"},
				"west": {"uv": [0, 0, 16, 16], "texture": "#main"},
				"up": {"uv": [0, 0, 16, 16], "texture": "#main"},
				"down": {"uv": [0, 0, 16, 16], "texture": "#main"}
			}
		},
		{
			"from": [12, -16, 23],
			"to": [15, -7, 26],
			"faces": {
				"north": {"uv": [0, 0, 3, 9], "texture": "#main"},
				"east": {"uv": [0, 0, 3, 9], "texture": "#main"},
				"south": {"uv": [0, 0, 3, 9], "texture": "#main"},
				"west": {"uv": [0, 0, 3, 9], "texture": "#main"},
				"up": {"uv": [0, 0, 3, 3], "texture": "#main"},
				"down": {"uv": [0, 0, 3, 3], "texture": "#main"}
			}
		},
		{
			"from": [18, 12, 20],
			"to": [23, 22, 30],
			"rotation": {"angle": 0, "axis": "y", "origin": [8, 8, 8]},
			"faces": {
				"north": {"uv": [0, 0, 16, 16], "texture": "#wheel"},
				"east": {"uv": [0, 0, 16, 16], "texture": "#wheel"},
				"south": {"uv": [0, 0, 16, 16], "texture": "#wheel"},
				"west": {"uv": [0, 0, 16, 16], "texture": "#wheel"},
				"up": {"uv": [0, 0, 16, 16], "texture": "#wheel"},
				"down": {"uv": [0, 0, 16, 16], "texture": "#wheel"}
			}
		},
		{
			"from": [-7, 12, 20],
			"to": [-2, 22, 30],
			"rotation": {"angle": 0, "axis": "y", "origin": [8, 8, 8]},
			"faces": {
				"north": {"uv": [0, 0, 16, 16], "texture": "#wheel"},
				"east": {"uv": [0, 0, 16, 16], "texture": "#wheel"},
				"south": {"uv": [0, 0, 16, 16], "texture": "#wheel"},
				"west": {"uv": [0, 0, 16, 16], "texture": "#wheel"},
				"up": {"uv": [0, 0, 16, 16], "texture": "#wheel"},
				"down": {"uv": [0, 0, 16, 16], "texture": "#wheel"}
			}
		},
		{
			"from": [18, 4, -12],
			"to": [24, 22, 6],
			"rotation": {"angle": 0, "axis": "y", "origin": [8, 8, 8]},
			"faces": {
				"north": {"uv": [0, 0, 16, 16], "texture": "#wheel"},
				"east": {"uv": [0, 0, 16, 16], "texture": "#wheel"},
				"south": {"uv": [0, 0, 16, 16], "texture": "#wheel"},
				"west": {"uv": [0, 0, 16, 16], "texture": "#wheel"},
				"up": {"uv": [0, 0, 16, 16], "texture": "#wheel"},
				"down": {"uv": [0, 0, 16, 16], "texture": "#wheel"}
			}
		},
		{
			"from": [-8, 4, -12],
			"to": [-2, 22, 6],
			"rotation": {"angle": 0, "axis": "y", "origin": [8, 8, 8]},
			"faces": {
				"north": {"uv": [0, 0, 16, 16], "texture": "#wheel"},
				"east": {"uv": [0, 0, 16, 16], "texture": "#wheel"},
				"south": {"uv": [0, 0, 16, 16], "texture": "#wheel"},
				"west": {"uv": [0, 0, 16, 16], "texture": "#wheel"},
				"up": {"uv": [0, 0, 16, 16], "texture": "#wheel"},
				"down": {"uv": [0, 0, 16, 16], "texture": "#wheel"}
			}
		},
		{
			"from": [-1, 3, 31],
			"to": [5, 7, 32],
			"faces": {
				"north": {"uv": [0, 0, 16, 16], "texture": "#flight"},
				"east": {"uv": [0, 0, 1, 4], "texture": "#flight"},
				"south": {"uv": [0, 0, 4, 4], "texture": "#flight"},
				"west": {"uv": [0, 0, 1, 4], "texture": "#flight"},
				"up": {"uv": [0, 0, 4, 1], "texture": "#flight"},
				"down": {"uv": [0, 0, 4, 1], "texture": "#flight"}
			}
		},
		{
			"from": [11, 3, 31],
			"to": [17, 7, 32],
			"faces": {
				"north": {"uv": [0, 0, 16, 16], "texture": "#flight"},
				"east": {"uv": [0, 0, 1, 4], "texture": "#flight"},
				"south": {"uv": [0, 0, 4, 4], "texture": "#flight"},
				"west": {"uv": [0, 0, 1, 4], "texture": "#flight"},
				"up": {"uv": [0, 0, 4, 1], "texture": "#flight"},
				"down": {"uv": [0, 0, 4, 1], "texture": "#flight"}
			}
		},
		{
			"from": [-1, 3, -16],
			"to": [5, 7, -15],
			"faces": {
				"north": {"uv": [0, 0, 16, 16], "texture": "#blight"},
				"east": {"uv": [0, 0, 1, 4], "texture": "#blight"},
				"south": {"uv": [0, 0, 4, 4], "texture": "#blight"},
				"west": {"uv": [0, 0, 1, 4], "texture": "#blight"},
				"up": {"uv": [0, 0, 4, 1], "texture": "#blight"},
				"down": {"uv": [0, 0, 4, 1], "texture": "#blight"}
			}
		},
		{
			"from": [11, 3, -16],
			"to": [17, 7, -15],
			"faces": {
				"north": {"uv": [0, 0, 16, 16], "texture": "#blight"},
				"east": {"uv": [0, 0, 1, 4], "texture": "#blight"},
				"south": {"uv": [0, 0, 4, 4], "texture": "#blight"},
				"west": {"uv": [0, 0, 1, 4], "texture": "#blight"},
				"up": {"uv": [0, 0, 4, 1], "texture": "#blight"},
				"down": {"uv": [0, 0, 4, 1], "texture": "#blight"}
			}
		},
		{
			"from": [-4, 7, -16],
			"to": [20, 16, -15],
			"rotation": {"angle": 0, "axis": "y", "origin": [8, 8, 8]},
			"faces": {
				"north": {"uv": [0, 0, 16, 16], "texture": "#main"},
				"east": {"uv": [0, 0, 16, 16], "texture": "#main"},
				"south": {"uv": [0, 0, 16, 16], "texture": "#main"},
				"west": {"uv": [0, 0, 16, 16], "texture": "#main"},
				"up": {"uv": [0, 0, 16, 16], "texture": "#main"},
				"down": {"uv": [0, 0, 16, 16], "texture": "#main"}
			}
		},
		{
			"from": [5, 3, -16],
			"to": [11, 7, -15],
			"rotation": {"angle": 0, "axis": "y", "origin": [8, 8, 8]},
			"faces": {
				"north": {"uv": [0, 0, 16, 16], "texture": "#main"},
				"east": {"uv": [0, 0, 16, 16], "texture": "#main"},
				"south": {"uv": [0, 0, 16, 16], "texture": "#main"},
				"west": {"uv": [0, 0, 16, 16], "texture": "#main"},
				"up": {"uv": [0, 0, 16, 16], "texture": "#main"},
				"down": {"uv": [0, 0, 16, 16], "texture": "#main"}
			}
		},
		{
			"from": [17, 3, -16],
			"to": [20, 7, -15],
			"rotation": {"angle": 0, "axis": "y", "origin": [8, 8, 8]},
			"faces": {
				"north": {"uv": [0, 0, 16, 16], "texture": "#main"},
				"east": {"uv": [0, 0, 16, 16], "texture": "#main"},
				"south": {"uv": [0, 0, 16, 16], "texture": "#main"},
				"west": {"uv": [0, 0, 16, 16], "texture": "#main"},
				"up": {"uv": [0, 0, 16, 16], "texture": "#main"},
				"down": {"uv": [0, 0, 16, 16], "texture": "#main"}
			}
		},
		{
			"from": [-4, 3, -16],
			"to": [-1, 7, -15],
			"rotation": {"angle": 0, "axis": "y", "origin": [8, 8, 8]},
			"faces": {
				"north": {"uv": [0, 0, 16, 16], "texture": "#main"},
				"east": {"uv": [0, 0, 16, 16], "texture": "#main"},
				"south": {"uv": [0, 0, 16, 16], "texture": "#main"},
				"west": {"uv": [0, 0, 16, 16], "texture": "#main"},
				"up": {"uv": [0, 0, 16, 16], "texture": "#main"},
				"down": {"uv": [0, 0, 16, 16], "texture": "#main"}
			}
		},
		{
			"from": [-4, 0, -16],
			"to": [20, 3, -15],
			"rotation": {"angle": 0, "axis": "y", "origin": [8, 8, 8]},
			"faces": {
				"north": {"uv": [0, 0, 16, 16], "texture": "#main"},
				"east": {"uv": [0, 0, 16, 16], "texture": "#main"},
				"south": {"uv": [0, 0, 16, 16], "texture": "#main"},
				"west": {"uv": [0, 0, 16, 16], "texture": "#main"},
				"up": {"uv": [0, 0, 16, 16], "texture": "#main"},
				"down": {"uv": [0, 0, 16, 16], "texture": "#main"}
			}
		}
	],
	"display": {},
	"groups": [0, 1, 2, 3,
		{
			"name": "wheels",
			"origin": [8, 8, 8],
			"color": 0,
			"children": [4, 5, 6, 7]
		},
		{
			"name": "headlights",
			"origin": [0, 0, 0],
			"color": 0,
			"children": [8, 9]
		},
		{
			"name": "backlights",
			"origin": [0, 0, 0],
			"color": 0,
			"children": [10, 11]
		},
		{
			"name": "back",
			"origin": [8, 8, 8],
			"color": 0,
			"children": [12, 13, 14, 15, 16]
		}
	]
}