{
	"credit": "Made with Blockbench",
	"parent": "block/custom/vehicle_old",
	"textures": {
		"main": "block/yellow_terracotta",
		"wheel": "block/black_wool"
	},
	"elements": [
		{
			"from": [-4, 0, -16],
			"to": [20, 16, 32],
			"rotation": {"angle": 0, "axis": "y", "origin": [8, 8, 8]},
			"faces": {
				"north": {"uv": [0, 0, 16, 16], "texture": "#main"},
				"east": {"uv": [0, 0, 16, 16], "texture": "#main"},
				"south": {"uv": [0, 0, 16, 16], "texture": "#main"},
				"west": {"uv": [0, 0, 16, 16], "texture": "#main"},
				"up": {"uv": [0, 0, 16, 16], "texture": "#main"},
				"down": {"uv": [0, 0, 16, 16], "texture": "#main"}
			}
		},
		{
			"from": [-8, 4, -12],
			"to": [-2, 22, 6],
			"rotation": {"angle": 0, "axis": "y", "origin": [8, 8, 8]},
			"faces": {
				"north": {"uv": [0, 0, 16, 16], "texture": "#wheel"},
				"east": {"uv": [0, 0, 16, 16], "texture": "#wheel"},
				"south": {"uv": [0, 0, 16, 16], "texture": "#wheel"},
				"west": {"uv": [0, 0, 16, 16], "texture": "#wheel"},
				"up": {"uv": [0, 0, 16, 16], "texture": "#wheel"},
				"down": {"uv": [0, 0, 16, 16], "texture": "#wheel"}
			}
		},
		{
			"from": [18, 4, -12],
			"to": [24, 22, 6],
			"rotation": {"angle": 0, "axis": "y", "origin": [8, 8, 8]},
			"faces": {
				"north": {"uv": [0, 0, 16, 16], "texture": "#wheel"},
				"east": {"uv": [0, 0, 16, 16], "texture": "#wheel"},
				"south": {"uv": [0, 0, 16, 16], "texture": "#wheel"},
				"west": {"uv": [0, 0, 16, 16], "texture": "#wheel"},
				"up": {"uv": [0, 0, 16, 16], "texture": "#wheel"},
				"down": {"uv": [0, 0, 16, 16], "texture": "#wheel"}
			}
		},
		{
			"from": [-7, 12, 20],
			"to": [-2, 22, 30],
			"rotation": {"angle": 0, "axis": "y", "origin": [8, 8, 8]},
			"faces": {
				"north": {"uv": [0, 0, 16, 16], "texture": "#wheel"},
				"east": {"uv": [0, 0, 16, 16], "texture": "#wheel"},
				"south": {"uv": [0, 0, 16, 16], "texture": "#wheel"},
				"west": {"uv": [0, 0, 16, 16], "texture": "#wheel"},
				"up": {"uv": [0, 0, 16, 16], "texture": "#wheel"},
				"down": {"uv": [0, 0, 16, 16], "texture": "#wheel"}
			}
		},
		{
			"from": [18, 12, 20],
			"to": [23, 22, 30],
			"rotation": {"angle": 0, "axis": "y", "origin": [8, 8, 8]},
			"faces": {
				"north": {"uv": [0, 0, 16, 16], "texture": "#wheel"},
				"east": {"uv": [0, 0, 16, 16], "texture": "#wheel"},
				"south": {"uv": [0, 0, 16, 16], "texture": "#wheel"},
				"west": {"uv": [0, 0, 16, 16], "texture": "#wheel"},
				"up": {"uv": [0, 0, 16, 16], "texture": "#wheel"},
				"down": {"uv": [0, 0, 16, 16], "texture": "#wheel"}
			}
		},
		{
			"from": [-2, -8, -16],
			"to": [18, 0, -14],
			"rotation": {"angle": 0, "axis": "y", "origin": [8, 8, 8]},
			"faces": {
				"north": {"uv": [0, 0, 16, 16], "texture": "#main"},
				"east": {"uv": [0, 0, 16, 16], "texture": "#main"},
				"south": {"uv": [0, 0, 16, 16], "texture": "#main"},
				"west": {"uv": [0, 0, 16, 16], "texture": "#main"},
				"up": {"uv": [0, 0, 16, 16], "texture": "#main"},
				"down": {"uv": [0, 0, 16, 16], "texture": "#main"}
			}
		},
		{
			"from": [-2, -10, 5],
			"to": [18, 0, 30],
			"rotation": {"angle": 0, "axis": "y", "origin": [8, 8, 8]},
			"faces": {
				"north": {"uv": [0, 0, 16, 16], "texture": "#main"},
				"east": {"uv": [0, 0, 16, 16], "texture": "#main"},
				"south": {"uv": [0, 0, 16, 16], "texture": "#main"},
				"west": {"uv": [0, 0, 16, 16], "texture": "#main"},
				"up": {"uv": [0, 0, 16, 16], "texture": "#main"},
				"down": {"uv": [0, 0, 16, 16], "texture": "#main"}
			}
		}
	]
}