{
	"credit": "Made with Blockbench",
	"parent": "block/custom/vehicle",
	"textures": {
		"main": "block/green_terracotta",
		"wheel": "block/black_wool",
		"light": "block/yellow_concrete_powder"
	},
	"elements": [
		{
			"from": [-4, 0, -16],
			"to": [20, 16, 31],
			"rotation": {"angle": 0, "axis": "y", "origin": [8, 8, 8]},
			"faces": {
				"north": {"uv": [0, 0, 16, 16], "texture": "#main"},
				"east": {"uv": [0, 0, 16, 16], "texture": "#main"},
				"south": {"uv": [0, 0, 16, 16], "texture": "#main"},
				"west": {"uv": [0, 0, 16, 16], "texture": "#main"},
				"up": {"uv": [0, 0, 16, 16], "texture": "#main"},
				"down": {"uv": [0, 0, 16, 16], "texture": "#main"}
			}
		},
		{
			"from": [-8, 4, -12],
			"to": [-2, 22, 6],
			"rotation": {"angle": 0, "axis": "y", "origin": [8, 8, 8]},
			"faces": {
				"north": {"uv": [0, 0, 16, 16], "texture": "#wheel"},
				"east": {"uv": [0, 0, 16, 16], "texture": "#wheel"},
				"south": {"uv": [0, 0, 16, 16], "texture": "#wheel"},
				"west": {"uv": [0, 0, 16, 16], "texture": "#wheel"},
				"up": {"uv": [0, 0, 16, 16], "texture": "#wheel"},
				"down": {"uv": [0, 0, 16, 16], "texture": "#wheel"}
			}
		},
		{
			"from": [18, 4, -12],
			"to": [24, 22, 6],
			"rotation": {"angle": 0, "axis": "y", "origin": [8, 8, 8]},
			"faces": {
				"north": {"uv": [0, 0, 16, 16], "texture": "#wheel"},
				"east": {"uv": [0, 0, 16, 16], "texture": "#wheel"},
				"south": {"uv": [0, 0, 16, 16], "texture": "#wheel"},
				"west": {"uv": [0, 0, 16, 16], "texture": "#wheel"},
				"up": {"uv": [0, 0, 16, 16], "texture": "#wheel"},
				"down": {"uv": [0, 0, 16, 16], "texture": "#wheel"}
			}
		},
		{
			"from": [-7, 12, 20],
			"to": [-2, 22, 30],
			"rotation": {"angle": 0, "axis": "y", "origin": [8, 8, 8]},
			"faces": {
				"north": {"uv": [0, 0, 16, 16], "texture": "#wheel"},
				"east": {"uv": [0, 0, 16, 16], "texture": "#wheel"},
				"south": {"uv": [0, 0, 16, 16], "texture": "#wheel"},
				"west": {"uv": [0, 0, 16, 16], "texture": "#wheel"},
				"up": {"uv": [0, 0, 16, 16], "texture": "#wheel"},
				"down": {"uv": [0, 0, 16, 16], "texture": "#wheel"}
			}
		},
		{
			"from": [18, 12, 20],
			"to": [23, 22, 30],
			"rotation": {"angle": 0, "axis": "y", "origin": [8, 8, 8]},
			"faces": {
				"north": {"uv": [0, 0, 16, 16], "texture": "#wheel"},
				"east": {"uv": [0, 0, 16, 16], "texture": "#wheel"},
				"south": {"uv": [0, 0, 16, 16], "texture": "#wheel"},
				"west": {"uv": [0, 0, 16, 16], "texture": "#wheel"},
				"up": {"uv": [0, 0, 16, 16], "texture": "#wheel"},
				"down": {"uv": [0, 0, 16, 16], "texture": "#wheel"}
			}
		},
		{
			"from": [-2, -8, -16],
			"to": [18, 0, -14],
			"rotation": {"angle": 0, "axis": "y", "origin": [8, 8, 8]},
			"faces": {
				"north": {"uv": [0, 0, 16, 16], "texture": "#main"},
				"east": {"uv": [0, 0, 16, 16], "texture": "#main"},
				"south": {"uv": [0, 0, 16, 16], "texture": "#main"},
				"west": {"uv": [0, 0, 16, 16], "texture": "#main"},
				"up": {"uv": [0, 0, 16, 16], "texture": "#main"},
				"down": {"uv": [0, 0, 16, 16], "texture": "#main"}
			}
		},
		{
			"from": [-2, -7, 5],
			"to": [18, 0, 29],
			"rotation": {"angle": 0, "axis": "y", "origin": [8, 8, 8]},
			"faces": {
				"north": {"uv": [0, 0, 16, 16], "texture": "#main"},
				"east": {"uv": [0, 0, 16, 16], "texture": "#main"},
				"south": {"uv": [0, 0, 16, 16], "texture": "#main"},
				"west": {"uv": [0, 0, 16, 16], "texture": "#main"},
				"up": {"uv": [0, 0, 16, 16], "texture": "#main"},
				"down": {"uv": [0, 0, 16, 16], "texture": "#main"}
			}
		},
		{
			"from": [-1, 3, 31],
			"to": [3, 7, 32],
			"color": 1,
			"faces": {
				"north": {"uv": [0, 0, 4, 4], "texture": "#light"},
				"east": {"uv": [0, 0, 1, 4], "texture": "#light"},
				"south": {"uv": [0, 0, 4, 4], "texture": "#light"},
				"west": {"uv": [0, 0, 1, 4], "texture": "#light"},
				"up": {"uv": [0, 0, 4, 1], "texture": "#light"},
				"down": {"uv": [0, 0, 4, 1], "texture": "#light"}
			}
		},
		{
			"from": [13, 3, 31],
			"to": [17, 7, 32],
			"color": 1,
			"faces": {
				"north": {"uv": [0, 0, 4, 4], "texture": "#light"},
				"east": {"uv": [0, 0, 1, 4], "texture": "#light"},
				"south": {"uv": [0, 0, 4, 4], "texture": "#light"},
				"west": {"uv": [0, 0, 1, 4], "texture": "#light"},
				"up": {"uv": [0, 0, 4, 1], "texture": "#light"},
				"down": {"uv": [0, 0, 4, 1], "texture": "#light"}
			}
		},
		{
			"from": [12, -16, 23],
			"to": [15, -7, 26],
			"color": 6,
			"faces": {
				"north": {"uv": [0, 0, 3, 9], "texture": "#main"},
				"east": {"uv": [0, 0, 3, 9], "texture": "#main"},
				"south": {"uv": [0, 0, 3, 9], "texture": "#main"},
				"west": {"uv": [0, 0, 3, 9], "texture": "#main"},
				"up": {"uv": [0, 0, 3, 3], "texture": "#main"},
				"down": {"uv": [0, 0, 3, 3], "texture": "#main"}
			}
		}
	]
}