{
    "display": {
        "gui": {
            "rotation": [ 210, 135, 0 ],
            "translation": [ 0, 0, 0],
            "scale":[ -0.28, -0.28, 0.28 ]
        },
        "ground": {
            "rotation": [ 180, 0, 0 ],
            "translation": [ 0, 6, 0],
            "scale":[ -0.125, -0.125, 0.125 ]
        },
        "fixed": {
            "rotation": [ 180, 90, 0 ],
            "translation": [ 0, 0, 0],
            "scale":[ -0.25, -0.25, 0.25 ]
        },
        "thirdperson_righthand": {
            "rotation": [ 255, -45, 0 ],
            "translation": [ 0, 2.5, 0],
            "scale": [ -0.1875, -0.1875, 0.1875 ]
        },
        "firstperson_righthand": {
            "rotation": [ 180, -45, 0 ],
            "translation": [ 0, 0, 0 ],
            "scale": [ -0.20, -0.20, 0.20 ]
        },
        "firstperson_lefthand": {
            "rotation": [ 180, 225, 0 ],
            "translation": [ 0, 0, 0 ],
            "scale": [ 0.20, -0.20, -0.20 ]
        },
        "head" : {
            "rotation": [ 180, 180, 0 ],
            "translation": [ 0, -2.5, 22 ],
            "scale": [1.5, 1.5, 1.5 ]
        }
    }
}
