{
    "display": {
        "gui": {
            "rotation": [ 30, 225, 0 ],
            "translation": [ 0, -1, 0],
            "scale":[ -0.28, -0.28, 0.28 ]
        },
        "ground": {
            "rotation": [ 0, 0, 0 ],
            "translation": [ 0, 6, 0],
            "scale":[ -0.125, -0.125, 0.125 ]
        },
        "fixed": {
            "rotation": [ 0, 90, 0 ],
            "translation": [ 0, 0, 0],
            "scale":[ -0.25, -0.25, 0.25 ]
        },
        "thirdperson_righthand": {
            "rotation": [ 75, 45, 0 ],
            "translation": [ 0, 2.5, 0],
            "scale": [ -0.1875, -0.1875, 0.1875 ]
        },
        "firstperson_righthand": {
            "rotation": [ 0, 45, 0 ],
            "translation": [ 0, 0, 0 ],
            "scale": [ -0.20, -0.20, 0.20 ]
        },
        "firstperson_lefthand": {
            "rotation": [ 0, 225, 0 ],
            "translation": [ 0, 0, 0 ],
            "scale": [ 0.20, -0.20, -0.20 ]
        },
        "head" : {
            "rotation": [ 0, 0, 0 ],
            "translation": [ 0, -2.5, 30 ],
            "scale": [1.6, 1.6, 1.6 ]
        }
    }
}
